[
    {
        "fields": {
            "maintenance": false,
            "modelo": 1,
            "nome": "VM-Deploy-Pool-Test-1",
            "tipo_equipamento": 3
        },
        "model": "equipamento.equipamento",
        "pk": 31
    },
    {
        "fields": {
            "maintenance": false,
            "modelo": 1,
            "nome": "VM-Deploy-Pool-Test-2",
            "tipo_equipamento": 3
        },
        "model": "equipamento.equipamento",
        "pk": 32
    },
    {
        "fields": {
            "maintenance": false,
            "modelo": 1,
            "nome": "VM-Deploy-Pool-Test-3",
            "tipo_equipamento": 3
        },
        "model": "equipamento.equipamento",
        "pk": 33
    },
    {
        "fields": {
            "maintenance": false,
            "modelo": 1,
            "nome": "VM-Deploy-Pool-Test-4",
            "tipo_equipamento": 3
        },
        "model": "equipamento.equipamento",
        "pk": 34
    },
    {
        "fields": {
            "maintenance": false,
            "modelo": 1,
            "nome": "VM-Deploy-Pool-Test-5",
            "tipo_equipamento": 3
        },
        "model": "equipamento.equipamento",
        "pk": 35
    },
    {
        "fields": {
            "maintenance": false,
            "modelo": 1,
            "nome": "VM-Deploy-Pool-Test-6",
            "tipo_equipamento": 3
        },
        "model": "equipamento.equipamento",
        "pk": 36
    },
    {
        "fields": {
            "maintenance": false,
            "modelo": 1,
            "nome": "VM-Deploy-Pool-Test-7",
            "tipo_equipamento": 3
        },
        "model": "equipamento.equipamento",
        "pk": 37
    },
    {
        "fields": {
            "maintenance": false,
            "modelo": 1,
            "nome": "VM-Deploy-Pool-Test-8",
            "tipo_equipamento": 3
        },
        "model": "equipamento.equipamento",
        "pk": 38
    },
    {
        "fields": {
            "maintenance": false,
            "modelo": 1,
            "nome": "VM-Deploy-Pool-Test-9",
            "tipo_equipamento": 3
        },
        "model": "equipamento.equipamento",
        "pk": 39
    },
    {
        "fields": {
            "maintenance": false,
            "modelo": 1,
            "nome": "VM-Deploy-Pool-Test-10",
            "tipo_equipamento": 3
        },
        "model": "equipamento.equipamento",
        "pk": 40
    },
    {
        "fields": {
            "maintenance": false,
            "modelo": 1,
            "nome": "VM-Deploy-Pool-Test-11",
            "tipo_equipamento": 3
        },
        "model": "equipamento.equipamento",
        "pk": 41
    },
    {
        "fields": {
            "maintenance": false,
            "modelo": 1,
            "nome": "VM-Deploy-Pool-Test-12",
            "tipo_equipamento": 3
        },
        "model": "equipamento.equipamento",
        "pk": 42
    },
    {
        "fields": {
            "maintenance": false,
            "modelo": 1,
            "nome": "VM-Deploy-Pool-Test-13",
            "tipo_equipamento": 3
        },
        "model": "equipamento.equipamento",
        "pk": 43
    },
    {
        "fields": {
            "maintenance": false,
            "modelo": 1,
            "nome": "VM-Deploy-Pool-Test-14",
            "tipo_equipamento": 3
        },
        "model": "equipamento.equipamento",
        "pk": 44
    },
    {
        "fields": {
            "maintenance": false,
            "modelo": 1,
            "nome": "VM-Deploy-Pool-Test-15",
            "tipo_equipamento": 3
        },
        "model": "equipamento.equipamento",
        "pk": 45
    },
    {
        "fields": {
            "maintenance": false,
            "modelo": 1,
            "nome": "VM-Deploy-Pool-Test-16",
            "tipo_equipamento": 3
        },
        "model": "equipamento.equipamento",
        "pk": 46
    },
    {
        "fields": {
            "maintenance": false,
            "modelo": 1,
            "nome": "VM-Deploy-Pool-Test-17",
            "tipo_equipamento": 3
        },
        "model": "equipamento.equipamento",
        "pk": 47
    },
    {
        "fields": {
            "maintenance": false,
            "modelo": 1,
            "nome": "VM-Deploy-Pool-Test-18",
            "tipo_equipamento": 3
        },
        "model": "equipamento.equipamento",
        "pk": 48
    },
    {
        "fields": {
            "maintenance": false,
            "modelo": 1,
            "nome": "VM-Deploy-Pool-Test-19",
            "tipo_equipamento": 3
        },
        "model": "equipamento.equipamento",
        "pk": 49
    },
    {
        "fields": {
            "maintenance": false,
            "modelo": 1,
            "nome": "VM-Deploy-Pool-Test-20",
            "tipo_equipamento": 3
        },
        "model": "equipamento.equipamento",
        "pk": 50
    },
    {
        "fields": {
            "maintenance": false,
            "modelo": 1,
            "nome": "VM-Deploy-Pool-Test-21",
            "tipo_equipamento": 3
        },
        "model": "equipamento.equipamento",
        "pk": 51
    },
    {
        "fields": {
            "maintenance": false,
            "modelo": 1,
            "nome": "VM-Deploy-Pool-Test-22",
            "tipo_equipamento": 3
        },
        "model": "equipamento.equipamento",
        "pk": 52
    },
    {
        "fields": {
            "maintenance": false,
            "modelo": 1,
            "nome": "VM-Deploy-Pool-Test-23",
            "tipo_equipamento": 3
        },
        "model": "equipamento.equipamento",
        "pk": 53
    },
    {
        "fields": {
            "maintenance": false,
            "modelo": 1,
            "nome": "VM-Deploy-Pool-Test-24",
            "tipo_equipamento": 3
        },
        "model": "equipamento.equipamento",
        "pk": 54
    },
    {
        "fields": {
            "maintenance": false,
            "modelo": 1,
            "nome": "VM-Deploy-Pool-Test-25",
            "tipo_equipamento": 3
        },
        "model": "equipamento.equipamento",
        "pk": 55
    },
    {
        "fields": {
            "maintenance": false,
            "modelo": 1,
            "nome": "VM-Deploy-Pool-Test-26",
            "tipo_equipamento": 3
        },
        "model": "equipamento.equipamento",
        "pk": 56
    },
    {
        "fields": {
            "maintenance": false,
            "modelo": 1,
            "nome": "VM-Deploy-Pool-Test-27",
            "tipo_equipamento": 3
        },
        "model": "equipamento.equipamento",
        "pk": 57
    },
    {
        "fields": {
            "maintenance": false,
            "modelo": 1,
            "nome": "VM-Deploy-Pool-Test-28",
            "tipo_equipamento": 3
        },
        "model": "equipamento.equipamento",
        "pk": 58
    },
    {
        "fields": {
            "maintenance": false,
            "modelo": 1,
            "nome": "VM-Deploy-Pool-Test-29",
            "tipo_equipamento": 3
        },
        "model": "equipamento.equipamento",
        "pk": 59
    },
    {
        "fields": {
            "active": "1",
            "ambient_vip": null,
            "block": "24",
            "broadcast": "10.0.0.1",
            "cluster_unit": "",
            "mask_oct1": "255",
            "mask_oct2": "255",
            "mask_oct3": "255",
            "mask_oct4": "1",
            "network_type": 1,
            "oct1": "10",
            "oct2": "0",
            "oct3": "0",
            "oct4": "0",
            "vlan": 1
        },
        "model": "ip.networkipv4",
        "pk": 5
    },
    {
        "fields": {
            "networkipv4": 5,
            "oct1": "10",
            "oct2": "0",
            "oct3": "0",
            "oct4": "31"
        },
        "model": "ip.ip",
        "pk": 31
    },
    {
        "fields": {
            "networkipv4": 5,
            "oct1": "10",
            "oct2": "0",
            "oct3": "0",
            "oct4": "32"
        },
        "model": "ip.ip",
        "pk": 32
    },
    {
        "fields": {
            "networkipv4": 5,
            "oct1": "10",
            "oct2": "0",
            "oct3": "0",
            "oct4": "33"
        },
        "model": "ip.ip",
        "pk": 33
    },
    {
        "fields": {
            "networkipv4": 5,
            "oct1": "10",
            "oct2": "0",
            "oct3": "0",
            "oct4": "34"
        },
        "model": "ip.ip",
        "pk": 34
    },
    {
        "fields": {
            "networkipv4": 5,
            "oct1": "10",
            "oct2": "0",
            "oct3": "0",
            "oct4": "35"
        },
        "model": "ip.ip",
        "pk": 35
    },
    {
        "fields": {
            "networkipv4": 5,
            "oct1": "10",
            "oct2": "0",
            "oct3": "0",
            "oct4": "36"
        },
        "model": "ip.ip",
        "pk": 36
    },
    {
        "fields": {
            "networkipv4": 5,
            "oct1": "10",
            "oct2": "0",
            "oct3": "0",
            "oct4": "37"
        },
        "model": "ip.ip",
        "pk": 37
    },
    {
        "fields": {
            "networkipv4": 5,
            "oct1": "10",
            "oct2": "0",
            "oct3": "0",
            "oct4": "38"
        },
        "model": "ip.ip",
        "pk": 38
    },
    {
        "fields": {
            "networkipv4": 5,
            "oct1": "10",
            "oct2": "0",
            "oct3": "0",
            "oct4": "39"
        },
        "model": "ip.ip",
        "pk": 39
    },
    {
        "fields": {
            "networkipv4": 5,
            "oct1": "10",
            "oct2": "0",
            "oct3": "0",
            "oct4": "40"
        },
        "model": "ip.ip",
        "pk": 40
    },
    {
        "fields": {
            "networkipv4": 5,
            "oct1": "10",
            "oct2": "0",
            "oct3": "0",
            "oct4": "41"
        },
        "model": "ip.ip",
        "pk": 41
    },
    {
        "fields": {
            "networkipv4": 5,
            "oct1": "10",
            "oct2": "0",
            "oct3": "0",
            "oct4": "42"
        },
        "model": "ip.ip",
        "pk": 42
    },
    {
        "fields": {
            "networkipv4": 5,
            "oct1": "10",
            "oct2": "0",
            "oct3": "0",
            "oct4": "43"
        },
        "model": "ip.ip",
        "pk": 43
    },
    {
        "fields": {
            "networkipv4": 5,
            "oct1": "10",
            "oct2": "0",
            "oct3": "0",
            "oct4": "44"
        },
        "model": "ip.ip",
        "pk": 44
    },
    {
        "fields": {
            "networkipv4": 5,
            "oct1": "10",
            "oct2": "0",
            "oct3": "0",
            "oct4": "45"
        },
        "model": "ip.ip",
        "pk": 45
    },
    {
        "fields": {
            "networkipv4": 5,
            "oct1": "10",
            "oct2": "0",
            "oct3": "0",
            "oct4": "46"
        },
        "model": "ip.ip",
        "pk": 46
    },
    {
        "fields": {
            "networkipv4": 5,
            "oct1": "10",
            "oct2": "0",
            "oct3": "0",
            "oct4": "47"
        },
        "model": "ip.ip",
        "pk": 47
    },
    {
        "fields": {
            "networkipv4": 5,
            "oct1": "10",
            "oct2": "0",
            "oct3": "0",
            "oct4": "48"
        },
        "model": "ip.ip",
        "pk": 48
    },
    {
        "fields": {
            "networkipv4": 5,
            "oct1": "10",
            "oct2": "0",
            "oct3": "0",
            "oct4": "49"
        },
        "model": "ip.ip",
        "pk": 49
    },
    {
        "fields": {
            "networkipv4": 5,
            "oct1": "10",
            "oct2": "0",
            "oct3": "0",
            "oct4": "50"
        },
        "model": "ip.ip",
        "pk": 50
    },
    {
        "fields": {
            "networkipv4": 5,
            "oct1": "10",
            "oct2": "0",
            "oct3": "0",
            "oct4": "51"
        },
        "model": "ip.ip",
        "pk": 51
    },
    {
        "fields": {
            "networkipv4": 5,
            "oct1": "10",
            "oct2": "0",
            "oct3": "0",
            "oct4": "52"
        },
        "model": "ip.ip",
        "pk": 52
    },
    {
        "fields": {
            "networkipv4": 5,
            "oct1": "10",
            "oct2": "0",
            "oct3": "0",
            "oct4": "53"
        },
        "model": "ip.ip",
        "pk": 53
    },
    {
        "fields": {
            "networkipv4": 5,
            "oct1": "10",
            "oct2": "0",
            "oct3": "0",
            "oct4": "54"
        },
        "model": "ip.ip",
        "pk": 54
    },
    {
        "fields": {
            "networkipv4": 5,
            "oct1": "10",
            "oct2": "0",
            "oct3": "0",
            "oct4": "55"
        },
        "model": "ip.ip",
        "pk": 55
    },
    {
        "fields": {
            "networkipv4": 5,
            "oct1": "10",
            "oct2": "0",
            "oct3": "0",
            "oct4": "56"
        },
        "model": "ip.ip",
        "pk": 56
    },
    {
        "fields": {
            "networkipv4": 5,
            "oct1": "10",
            "oct2": "0",
            "oct3": "0",
            "oct4": "57"
        },
        "model": "ip.ip",
        "pk": 57
    },
    {
        "fields": {
            "networkipv4": 5,
            "oct1": "10",
            "oct2": "0",
            "oct3": "0",
            "oct4": "58"
        },
        "model": "ip.ip",
        "pk": 58
    },
    {
        "fields": {
            "networkipv4": 5,
            "oct1": "10",
            "oct2": "0",
            "oct3": "0",
            "oct4": "59"
        },
        "model": "ip.ip",
        "pk": 59
    },
    {
        "fields": {
            "equipamento": 31,
            "ip": 31
        },
        "model": "ip.ipequipamento",
        "pk": 31
    },
    {
        "fields": {
            "equipamento": 32,
            "ip": 32
        },
        "model": "ip.ipequipamento",
        "pk": 32
    },
    {
        "fields": {
            "equipamento": 33,
            "ip": 33
        },
        "model": "ip.ipequipamento",
        "pk": 33
    },
    {
        "fields": {
            "equipamento": 34,
            "ip": 34
        },
        "model": "ip.ipequipamento",
        "pk": 34
    },
    {
        "fields": {
            "equipamento": 35,
            "ip": 35
        },
        "model": "ip.ipequipamento",
        "pk": 35
    },
    {
        "fields": {
            "equipamento": 36,
            "ip": 36
        },
        "model": "ip.ipequipamento",
        "pk": 36
    },
    {
        "fields": {
            "equipamento": 37,
            "ip": 37
        },
        "model": "ip.ipequipamento",
        "pk": 37
    },
    {
        "fields": {
            "equipamento": 38,
            "ip": 38
        },
        "model": "ip.ipequipamento",
        "pk": 38
    },
    {
        "fields": {
            "equipamento": 39,
            "ip": 39
        },
        "model": "ip.ipequipamento",
        "pk": 39
    },
    {
        "fields": {
            "equipamento": 40,
            "ip": 40
        },
        "model": "ip.ipequipamento",
        "pk": 40
    },
    {
        "fields": {
            "equipamento": 41,
            "ip": 41
        },
        "model": "ip.ipequipamento",
        "pk": 41
    },
    {
        "fields": {
            "equipamento": 42,
            "ip": 42
        },
        "model": "ip.ipequipamento",
        "pk": 42
    },
    {
        "fields": {
            "equipamento": 43,
            "ip": 43
        },
        "model": "ip.ipequipamento",
        "pk": 43
    },
    {
        "fields": {
            "equipamento": 44,
            "ip": 44
        },
        "model": "ip.ipequipamento",
        "pk": 44
    },
    {
        "fields": {
            "equipamento": 45,
            "ip": 45
        },
        "model": "ip.ipequipamento",
        "pk": 45
    },
    {
        "fields": {
            "equipamento": 46,
            "ip": 46
        },
        "model": "ip.ipequipamento",
        "pk": 46
    },
    {
        "fields": {
            "equipamento": 47,
            "ip": 47
        },
        "model": "ip.ipequipamento",
        "pk": 47
    },
    {
        "fields": {
            "equipamento": 48,
            "ip": 48
        },
        "model": "ip.ipequipamento",
        "pk": 48
    },
    {
        "fields": {
            "equipamento": 49,
            "ip": 49
        },
        "model": "ip.ipequipamento",
        "pk": 49
    },
    {
        "fields": {
            "equipamento": 50,
            "ip": 50
        },
        "model": "ip.ipequipamento",
        "pk": 50
    },
    {
        "fields": {
            "equipamento": 51,
            "ip": 51
        },
        "model": "ip.ipequipamento",
        "pk": 51
    },
    {
        "fields": {
            "equipamento": 52,
            "ip": 52
        },
        "model": "ip.ipequipamento",
        "pk": 52
    },
    {
        "fields": {
            "equipamento": 53,
            "ip": 53
        },
        "model": "ip.ipequipamento",
        "pk": 53
    },
    {
        "fields": {
            "equipamento": 54,
            "ip": 54
        },
        "model": "ip.ipequipamento",
        "pk": 54
    },
    {
        "fields": {
            "equipamento": 55,
            "ip": 55
        },
        "model": "ip.ipequipamento",
        "pk": 55
    },
    {
        "fields": {
            "equipamento": 56,
            "ip": 56
        },
        "model": "ip.ipequipamento",
        "pk": 56
    },
    {
        "fields": {
            "equipamento": 57,
            "ip": 57
        },
        "model": "ip.ipequipamento",
        "pk": 57
    },
    {
        "fields": {
            "equipamento": 58,
            "ip": 58
        },
        "model": "ip.ipequipamento",
        "pk": 58
    },
    {
        "fields": {
            "equipamento": 59,
            "ip": 59
        },
        "model": "ip.ipequipamento",
        "pk": 59
    },
    {
        "fields": {
            "default_limit": 100,
            "default_port": 80,
            "environment": 3,
            "healthcheck": 1,
            "identifier": "Deploy-Test-Pool-1",
            "lb_method": "least-conn",
            "pool_created": false,
            "servicedownaction": 5
        },
        "model": "requisicaovips.serverpool",
        "pk": 31
    },
    {
        "fields": {
            "default_limit": 100,
            "default_port": 80,
            "environment": 3,
            "healthcheck": 1,
            "identifier": "Deploy-Test-Pool-2",
            "lb_method": "least-conn",
            "pool_created": false,
            "servicedownaction": 5
        },
        "model": "requisicaovips.serverpool",
        "pk": 32
    },
    {
        "fields": {
            "default_limit": 100,
            "default_port": 80,
            "environment": 3,
            "healthcheck": 2,
            "identifier": "Deploy-Test-Pool-3",
            "lb_method": "least-conn",
            "pool_created": false,
            "servicedownaction": 5
        },
        "model": "requisicaovips.serverpool",
        "pk": 33
    },
    {
        "fields": {
            "default_limit": 10,
            "default_port": 80,
            "environment": 3,
            "healthcheck": 2,
            "identifier": "Deploy-Test-Pool-4",
            "lb_method": "least-conn",
            "pool_created": false,
            "servicedownaction": 5
        },
        "model": "requisicaovips.serverpool",
        "pk": 34
    },
    {
        "fields": {
            "default_limit": 100,
            "default_port": 80,
            "environment": 3,
            "healthcheck": 3,
            "identifier": "Deploy-Test-Pool-5",
            "lb_method": "least-conn",
            "pool_created": false,
            "servicedownaction": 5
        },
        "model": "requisicaovips.serverpool",
        "pk": 35
    },
    {
        "fields": {
            "default_limit": 100,
            "default_port": 80,
            "environment": 3,
            "healthcheck": 3,
            "identifier": "Deploy-Test-Pool-6",
            "lb_method": "weighted",
            "pool_created": false,
            "servicedownaction": 5
        },
        "model": "requisicaovips.serverpool",
        "pk": 36
    },
    {
        "fields": {
            "default_limit": 100,
            "default_port": 80,
            "environment": 3,
            "healthcheck": 4,
            "identifier": "Deploy-Test-Pool-7",
            "lb_method": "least-conn",
            "pool_created": false,
            "servicedownaction": 5
        },
        "model": "requisicaovips.serverpool",
        "pk": 37
    },
    {
        "fields": {
            "default_limit": 100,
            "default_port": 80,
            "environment": 3,
            "healthcheck": 4,
            "identifier": "Deploy-Test-Pool-8",
            "lb_method": "least-conn",
            "pool_created": true,
            "servicedownaction": 5
        },
        "model": "requisicaovips.serverpool",
        "pk": 38
    },
    {
        "fields": {
            "default_limit": 100,
            "default_port": 80,
            "environment": 3,
            "healthcheck": 1,
            "identifier": "Deploy-Test-Pool-9",
            "lb_method": "least-conn",
            "pool_created": true,
            "servicedownaction": 5
        },
        "model": "requisicaovips.serverpool",
        "pk": 39
    },
    {
        "fields": {
            "default_limit": 100,
            "default_port": 80,
            "environment": 3,
            "healthcheck": 1,
            "identifier": "Deploy-Test-Pool-10",
            "lb_method": "least-conn",
            "pool_created": true,
            "servicedownaction": 5
        },
        "model": "requisicaovips.serverpool",
        "pk": 40
    },
    {
        "fields": {
            "default_limit": 100,
            "default_port": 80,
            "environment": 3,
            "healthcheck": 1,
            "identifier": "Deploy-Test-Pool-11",
            "lb_method": "least-conn",
            "pool_created": true,
            "servicedownaction": 5
        },
        "model": "requisicaovips.serverpool",
        "pk": 41
    },
    {
        "fields": {
            "default_limit": 100,
            "default_port": 80,
            "environment": 3,
            "healthcheck": 1,
            "identifier": "Deploy-Test-Pool-12",
            "lb_method": "least-conn",
            "pool_created": true,
            "servicedownaction": 5
        },
        "model": "requisicaovips.serverpool",
        "pk": 42
    },
    {
        "fields": {
            "default_limit": 100,
            "default_port": 80,
            "environment": 3,
            "healthcheck": 1,
            "identifier": "Deploy-Test-Pool-13",
            "lb_method": "least-conn",
            "pool_created": true,
            "servicedownaction": 5
        },
        "model": "requisicaovips.serverpool",
        "pk": 43
    },
    {
        "fields": {
            "identifier": "10.0.0.31",
            "ip": 31,
            "ipv6": null,
            "limit": 10,
            "member_status": 7,
            "port_real": 8,
            "priority": 1,
            "server_pool": 32,
            "weight": 1
        },
        "model": "requisicaovips.serverpoolmember",
        "pk": 31
    },
    {
        "fields": {
            "identifier": "10.0.0.32",
            "ip": 32,
            "ipv6": null,
            "limit": 10,
            "member_status": 7,
            "port_real": 8,
            "priority": 1,
            "server_pool": 32,
            "weight": 1
        },
        "model": "requisicaovips.serverpoolmember",
        "pk": 32
    },
    {
        "fields": {
            "identifier": "10.0.0.33",
            "ip": 33,
            "ipv6": null,
            "limit": 10,
            "member_status": 7,
            "port_real": 8,
            "priority": 1,
            "server_pool": 33,
            "weight": 1
        },
        "model": "requisicaovips.serverpoolmember",
        "pk": 33
    },
    {
        "fields": {
            "identifier": "10.0.0.34",
            "ip": 34,
            "ipv6": null,
            "limit": 10,
            "member_status": 7,
            "port_real": 8,
            "priority": 1,
            "server_pool": 33,
            "weight": 1
        },
        "model": "requisicaovips.serverpoolmember",
        "pk": 34
    },
    {
        "fields": {
            "identifier": "10.0.0.35",
            "ip": 35,
            "ipv6": null,
            "limit": 10,
            "member_status": 7,
            "port_real": 8,
            "priority": 1,
            "server_pool": 34,
            "weight": 1
        },
        "model": "requisicaovips.serverpoolmember",
        "pk": 35
    },
    {
        "fields": {
            "identifier": "10.0.0.36",
            "ip": 36,
            "ipv6": null,
            "limit": 10,
            "member_status": 7,
            "port_real": 8,
            "priority": 1,
            "server_pool": 34,
            "weight": 1
        },
        "model": "requisicaovips.serverpoolmember",
        "pk": 36
    },
    {
        "fields": {
            "identifier": "10.0.0.37",
            "ip": 37,
            "ipv6": null,
            "limit": 10,
            "member_status": 7,
            "port_real": 8,
            "priority": 1,
            "server_pool": 35,
            "weight": 1
        },
        "model": "requisicaovips.serverpoolmember",
        "pk": 37
    },
    {
        "fields": {
            "identifier": "10.0.0.38",
            "ip": 38,
            "ipv6": null,
            "limit": 10,
            "member_status": 7,
            "port_real": 8,
            "priority": 1,
            "server_pool": 35,
            "weight": 1
        },
        "model": "requisicaovips.serverpoolmember",
        "pk": 38
    },
    {
        "fields": {
            "identifier": "10.0.0.39",
            "ip": 39,
            "ipv6": null,
            "limit": 10,
            "member_status": 7,
            "port_real": 8,
            "priority": 1,
            "server_pool": 36,
            "weight": 1
        },
        "model": "requisicaovips.serverpoolmember",
        "pk": 39
    },
    {
        "fields": {
            "identifier": "10.0.0.40",
            "ip": 40,
            "ipv6": null,
            "limit": 10,
            "member_status": 7,
            "port_real": 8,
            "priority": 1,
            "server_pool": 36,
            "weight": 2
        },
        "model": "requisicaovips.serverpoolmember",
        "pk": 40
    },
    {
        "fields": {
            "identifier": "10.0.0.41",
            "ip": 41,
            "ipv6": null,
            "limit": 10,
            "member_status": 7,
            "port_real": 8,
            "priority": 1,
            "server_pool": 36,
            "weight": 1
        },
        "model": "requisicaovips.serverpoolmember",
        "pk": 41
    },
    {
        "fields": {
            "identifier": "10.0.0.42",
            "ip": 42,
            "ipv6": null,
            "limit": 10,
            "member_status": 7,
            "port_real": 8,
            "priority": 1,
            "server_pool": 37,
            "weight": 1
        },
        "model": "requisicaovips.serverpoolmember",
        "pk": 42
    },
    {
        "fields": {
            "identifier": "10.0.0.43",
            "ip": 43,
            "ipv6": null,
            "limit": 10,
            "member_status": 7,
            "port_real": 8,
            "priority": 2,
            "server_pool": 37,
            "weight": 1
        },
        "model": "requisicaovips.serverpoolmember",
        "pk": 43
    },
    {
        "fields": {
            "identifier": "10.0.0.44",
            "ip": 44,
            "ipv6": null,
            "limit": 10,
            "member_status": 7,
            "port_real": 8,
            "priority": 1,
            "server_pool": 37,
            "weight": 1
        },
        "model": "requisicaovips.serverpoolmember",
        "pk": 44
    },
    {
        "fields": {
            "identifier": "10.0.0.47",
            "ip": 47,
            "ipv6": null,
            "limit": 10,
            "member_status": 7,
            "port_real": 8,
            "priority": 1,
            "server_pool": 39,
            "weight": 1
        },
        "model": "requisicaovips.serverpoolmember",
        "pk": 47
    },
    {
        "fields": {
            "identifier": "10.0.0.48",
            "ip": 48,
            "ipv6": null,
            "limit": 10,
            "member_status": 7,
            "port_real": 8,
            "priority": 1,
            "server_pool": 39,
            "weight": 1
        },
        "model": "requisicaovips.serverpoolmember",
        "pk": 48
    },
    {
        "fields": {
            "identifier": "10.0.0.49",
            "ip": 49,
            "ipv6": null,
            "limit": 10,
            "member_status": 7,
            "port_real": 8,
            "priority": 1,
            "server_pool": 40,
            "weight": 1
        },
        "model": "requisicaovips.serverpoolmember",
        "pk": 49
    },
    {
        "fields": {
            "identifier": "10.0.0.50",
            "ip": 50,
            "ipv6": null,
            "limit": 10,
            "member_status": 7,
            "port_real": 8,
            "priority": 1,
            "server_pool": 40,
            "weight": 1
        },
        "model": "requisicaovips.serverpoolmember",
        "pk": 50
    },
    {
        "fields": {
            "identifier": "10.0.0.51",
            "ip": 51,
            "ipv6": null,
            "limit": 10,
            "member_status": 7,
            "port_real": 8,
            "priority": 1,
            "server_pool": 40,
            "weight": 1
        },
        "model": "requisicaovips.serverpoolmember",
        "pk": 51
    },
    {
        "fields": {
            "identifier": "10.0.0.52",
            "ip": 52,
            "ipv6": null,
            "limit": 10,
            "member_status": 7,
            "port_real": 8,
            "priority": 1,
            "server_pool": 40,
            "weight": 1
        },
        "model": "requisicaovips.serverpoolmember",
        "pk": 52
    },
    {
        "fields": {
            "identifier": "10.0.0.53",
            "ip": 53,
            "ipv6": null,
            "limit": 10,
            "member_status": 7,
            "port_real": 8,
            "priority": 1,
            "server_pool": 41,
            "weight": 1
        },
        "model": "requisicaovips.serverpoolmember",
        "pk": 53
    },
    {
        "fields": {
            "identifier": "10.0.0.54",
            "ip": 54,
            "ipv6": null,
            "limit": 10,
            "member_status": 7,
            "port_real": 8,
            "priority": 1,
            "server_pool": 41,
            "weight": 1
        },
        "model": "requisicaovips.serverpoolmember",
        "pk": 54
    },
    {
        "fields": {
            "identifier": "10.0.0.55",
            "ip": 55,
            "ipv6": null,
            "limit": 10,
            "member_status": 7,
            "port_real": 8,
            "priority": 1,
            "server_pool": 41,
            "weight": 1
        },
        "model": "requisicaovips.serverpoolmember",
        "pk": 55
    },
    {
        "fields": {
            "identifier": "10.0.0.56",
            "ip": 56,
            "ipv6": null,
            "limit": 10,
            "member_status": 7,
            "port_real": 8,
            "priority": 1,
            "server_pool": 41,
            "weight": 1
        },
        "model": "requisicaovips.serverpoolmember",
        "pk": 56
    },
    {
        "fields": {
            "identifier": "10.0.0.58",
            "ip": 58,
            "ipv6": null,
            "limit": 10,
            "member_status": 7,
            "port_real": 8,
            "priority": 1,
            "server_pool": 42,
            "weight": 1
        },
        "model": "requisicaovips.serverpoolmember",
        "pk": 58
    },
    {
        "fields": {
            "identifier": "10.0.0.59",
            "ip": 59,
            "ipv6": null,
            "limit": 10,
            "member_status": 7,
            "port_real": 8,
            "priority": 1,
            "server_pool": 42,
            "weight": 1
        },
        "model": "requisicaovips.serverpoolmember",
        "pk": 59
    }
]
