[
  {
    "fields": {
      "ambiente_p44_txt": "Test",
      "cliente_txt": "Django Test",
      "conf": "{\"conf\":{\"keys\":[],\"layers\":[],\"optionsvip_extended\":{}}}",
      "description": "Test",
      "finalidade_txt": "SANITY-TEST"
    },
    "model": "ambiente.environmentvip",
    "pk": 1
  },
  {
    "fields": {
      "nome": "Generic Brand"
    },
    "model": "equipamento.marca",
    "pk": 1
  },
  {
    "fields": {
      "nome": "F5"
    },
    "model": "equipamento.marca",
    "pk": 2
  },
  {
    "fields": {
      "marca": 1,
      "nome": "Generic Model"
    },
    "model": "equipamento.modelo",
    "pk": 1
  },
  {
    "fields": {
      "marca": 2,
      "nome": "F5 Generic Model"
    },
    "model": "equipamento.modelo",
    "pk": 2
  },
  {
    "fields": {
      "maintenance": false,
      "modelo": 1,
      "nome": "TOR-1-RACK-1",
      "tipo_equipamento": 1
    },
    "model": "equipamento.equipamento",
    "pk": 1
  },
  {
    "fields": {
      "maintenance": false,
      "modelo": 1,
      "nome": "TOR-2-RACK-1",
      "tipo_equipamento": 1
    },
    "model": "equipamento.equipamento",
    "pk": 2
  },
  {
    "fields": {
      "maintenance": false,
      "modelo": 1,
      "nome": "TOR-1-RACK-2",
      "tipo_equipamento": 1
    },
    "model": "equipamento.equipamento",
    "pk": 3
  },
  {
    "fields": {
      "maintenance": false,
      "modelo": 1,
      "nome": "TOR-2-RACK-2",
      "tipo_equipamento": 1
    },
    "model": "equipamento.equipamento",
    "pk": 4
  },
  {
    "fields": {
      "maintenance": false,
      "modelo": 2,
      "nome": "LB-1-BALACING",
      "tipo_equipamento": 2
    },
    "model": "equipamento.equipamento",
    "pk": 5
  },
  {
    "fields": {
      "maintenance": false,
      "modelo": 2,
      "nome": "LB-2-BALACING",
      "tipo_equipamento": 2
    },
    "model": "equipamento.equipamento",
    "pk": 6
  },
  {
    "fields": {
      "maintenance": false,
      "modelo": 1,
      "nome": "VM-1-RACK-1",
      "tipo_equipamento": 3
    },
    "model": "equipamento.equipamento",
    "pk": 7
  },
  {
    "fields": {
      "maintenance": false,
      "modelo": 1,
      "nome": "VM-2-RACK-1",
      "tipo_equipamento": 3
    },
    "model": "equipamento.equipamento",
    "pk": 8
  },
  {
    "fields": {
      "maintenance": false,
      "modelo": 1,
      "nome": "VM-1-RACK-2",
      "tipo_equipamento": 3
    },
    "model": "equipamento.equipamento",
    "pk": 9
  },
  {
    "fields": {
      "maintenance": false,
      "modelo": 1,
      "nome": "VM-2-RACK-2",
      "tipo_equipamento": 3
    },
    "model": "equipamento.equipamento",
    "pk": 10
  },
  {
    "fields": {
      "nome": "Group of SW"
    },
    "model": "grupo.egrupo",
    "pk": 1
  },
  {
    "fields": {
      "nome": "Group of LB"
    },
    "model": "grupo.egrupo",
    "pk": 2
  },
  {
    "fields": {
      "nome": "Group of VM"
    },
    "model": "grupo.egrupo",
    "pk": 3
  },
  {
    "fields": {
      "alterar_config": "1",
      "egrupo": 1,
      "escrita": "1",
      "exclusao": "1",
      "leitura": "1",
      "ugrupo": 1
    },
    "model": "grupo.direitosgrupoequipamento",
    "pk": 1
  },
  {
    "fields": {
      "alterar_config": "1",
      "egrupo": 2,
      "escrita": "1",
      "exclusao": "1",
      "leitura": "1",
      "ugrupo": 1
    },
    "model": "grupo.direitosgrupoequipamento",
    "pk": 2
  },
  {
    "fields": {
      "alterar_config": "1",
      "egrupo": 3,
      "escrita": "1",
      "exclusao": "1",
      "leitura": "1",
      "ugrupo": 1
    },
    "model": "grupo.direitosgrupoequipamento",
    "pk": 3
  },
  {
    "fields": {
      "egrupo": 1,
      "equipamento": 1
    },
    "model": "equipamento.equipamentogrupo",
    "pk": 1
  },
  {
    "fields": {
      "egrupo": 1,
      "equipamento": 2
    },
    "model": "equipamento.equipamentogrupo",
    "pk": 2
  },
  {
    "fields": {
      "egrupo": 1,
      "equipamento": 3
    },
    "model": "equipamento.equipamentogrupo",
    "pk": 3
  },
  {
    "fields": {
      "egrupo": 1,
      "equipamento": 4
    },
    "model": "equipamento.equipamentogrupo",
    "pk": 4
  },
  {
    "fields": {
      "egrupo": 2,
      "equipamento": 5
    },
    "model": "equipamento.equipamentogrupo",
    "pk": 5
  },
  {
    "fields": {
      "egrupo": 2,
      "equipamento": 6
    },
    "model": "equipamento.equipamentogrupo",
    "pk": 6
  },
  {
    "fields": {
      "egrupo": 3,
      "equipamento": 7
    },
    "model": "equipamento.equipamentogrupo",
    "pk": 7
  },
  {
    "fields": {
      "egrupo": 3,
      "equipamento": 8
    },
    "model": "equipamento.equipamentogrupo",
    "pk": 8
  },
  {
    "fields": {
      "egrupo": 3,
      "equipamento": 9
    },
    "model": "equipamento.equipamentogrupo",
    "pk": 9
  },
  {
    "fields": {
      "egrupo": 3,
      "equipamento": 10
    },
    "model": "equipamento.equipamentogrupo",
    "pk": 10
  },
  {
    "fields": {
      "ambiente": 1,
      "equipamento": 1,
      "is_router": true
    },
    "model": "equipamento.equipamentoambiente",
    "pk": 1
  },
  {
    "fields": {
      "ambiente": 1,
      "equipamento": 2,
      "is_router": true
    },
    "model": "equipamento.equipamentoambiente",
    "pk": 2
  },
  {
    "fields": {
      "ambiente": 2,
      "equipamento": 3,
      "is_router": true
    },
    "model": "equipamento.equipamentoambiente",
    "pk": 3
  },
  {
    "fields": {
      "ambiente": 2,
      "equipamento": 4,
      "is_router": true
    },
    "model": "equipamento.equipamentoambiente",
    "pk": 4
  },
  {
    "fields": {
      "ambiente": 3,
      "equipamento": 5,
      "is_router": false
    },
    "model": "equipamento.equipamentoambiente",
    "pk": 5
  },
  {
    "fields": {
      "ambiente": 3,
      "equipamento": 6,
      "is_router": false
    },
    "model": "equipamento.equipamentoambiente",
    "pk": 6
  },
  {
    "fields": {
      "ambiente": 1,
      "equipamento": 7,
      "is_router": false
    },
    "model": "equipamento.equipamentoambiente",
    "pk": 7
  },
  {
    "fields": {
      "ambiente": 1,
      "equipamento": 8,
      "is_router": false
    },
    "model": "equipamento.equipamentoambiente",
    "pk": 8
  },
  {
    "fields": {
      "ambiente": 2,
      "equipamento": 9,
      "is_router": false
    },
    "model": "equipamento.equipamentoambiente",
    "pk": 9
  },
  {
    "fields": {
      "ambiente": 2,
      "equipamento": 10,
      "is_router": false
    },
    "model": "equipamento.equipamentoambiente",
    "pk": 10
  },
  {
    "fields": {
      "ambiente": 1,
      "nome": "VLAN NUM 2 - RACK-1",
      "num_vlan": 2
    },
    "model": "vlan.vlan",
    "pk": 1
  },
  {
    "fields": {
      "ambiente": 2,
      "nome": "VLAN NUM 2 - RACK-1",
      "num_vlan": 2
    },
    "model": "vlan.vlan",
    "pk": 2
  },
  {
    "fields": {
      "ambiente": 3,
      "nome": "VLAN 2 - BALACING",
      "num_vlan": 2
    },
    "model": "vlan.vlan",
    "pk": 3
  },
  {
    "fields": {
      "active": "0",
      "ambient_vip": null,
      "block": "24",
      "broadcast": "192.168.1.0",
      "cluster_unit": null,
      "mask_oct1": "255",
      "mask_oct2": "255",
      "mask_oct3": "255",
      "mask_oct4": "0",
      "network_type": 1,
      "oct1": "192",
      "oct2": "168",
      "oct3": "1",
      "oct4": "0",
      "vlan": 1
    },
    "model": "ip.networkipv4",
    "pk": 1
  },
  {
    "fields": {
      "active": "0",
      "ambient_vip": null,
      "block": "24",
      "broadcast": "192.168.2.0",
      "cluster_unit": null,
      "mask_oct1": "255",
      "mask_oct2": "255",
      "mask_oct3": "255",
      "mask_oct4": "0",
      "network_type": 1,
      "oct1": "192",
      "oct2": "168",
      "oct3": "2",
      "oct4": "0",
      "vlan": 2
    },
    "model": "ip.networkipv4",
    "pk": 2
  },
  {
    "fields": {
      "active": "0",
      "ambient_vip": 1,
      "block": "24",
      "broadcast": "192.162.1.0",
      "cluster_unit": "cluster-unit-1",
      "mask_oct1": "255",
      "mask_oct2": "255",
      "mask_oct3": "255",
      "mask_oct4": "0",
      "network_type": 2,
      "oct1": "162",
      "oct2": "168",
      "oct3": "1",
      "oct4": "0",
      "vlan": 3
    },
    "model": "ip.networkipv4",
    "pk": 3
  },
  {
    "fields": {
      "networkipv4": 1,
      "oct1": "192",
      "oct2": "168",
      "oct3": "1",
      "oct4": "1"
    },
    "model": "ip.ip",
    "pk": 1
  },
  {
    "fields": {
      "networkipv4": 1,
      "oct1": "192",
      "oct2": "168",
      "oct3": "1",
      "oct4": "254"
    },
    "model": "ip.ip",
    "pk": 2
  },
  {
    "fields": {
      "networkipv4": 1,
      "oct1": "192",
      "oct2": "168",
      "oct3": "1",
      "oct4": "253"
    },
    "model": "ip.ip",
    "pk": 3
  },
  {
    "fields": {
      "networkipv4": 2,
      "oct1": "192",
      "oct2": "168",
      "oct3": "2",
      "oct4": "1"
    },
    "model": "ip.ip",
    "pk": 4
  },
  {
    "fields": {
      "networkipv4": 2,
      "oct1": "192",
      "oct2": "168",
      "oct3": "2",
      "oct4": "254"
    },
    "model": "ip.ip",
    "pk": 5
  },
  {
    "fields": {
      "networkipv4": 2,
      "oct1": "192",
      "oct2": "168",
      "oct3": "2",
      "oct4": "253"
    },
    "model": "ip.ip",
    "pk": 6
  },
  {
    "fields": {
      "networkipv4": 1,
      "oct1": "192",
      "oct2": "168",
      "oct3": "1",
      "oct4": "2"
    },
    "model": "ip.ip",
    "pk": 7
  },
  {
    "fields": {
      "networkipv4": 1,
      "oct1": "192",
      "oct2": "168",
      "oct3": "1",
      "oct4": "3"
    },
    "model": "ip.ip",
    "pk": 8
  },
  {
    "fields": {
      "networkipv4": 2,
      "oct1": "192",
      "oct2": "168",
      "oct3": "2",
      "oct4": "2"
    },
    "model": "ip.ip",
    "pk": 9
  },
  {
    "fields": {
      "networkipv4": 2,
      "oct1": "192",
      "oct2": "168",
      "oct3": "2",
      "oct4": "3"
    },
    "model": "ip.ip",
    "pk": 10
  },
  {
    "fields": {
      "networkipv4": 3,
      "oct1": "192",
      "oct2": "162",
      "oct3": "2",
      "oct4": "1"
    },
    "model": "ip.ip",
    "pk": 11
  },
  {
    "fields": {
      "equipamento": 1,
      "ip": 1
    },
    "model": "ip.ipequipamento",
    "pk": 1
  },
  {
    "fields": {
      "equipamento": 2,
      "ip": 1
    },
    "model": "ip.ipequipamento",
    "pk": 2
  },
  {
    "fields": {
      "equipamento": 1,
      "ip": 2
    },
    "model": "ip.ipequipamento",
    "pk": 3
  },
  {
    "fields": {
      "equipamento": 2,
      "ip": 3
    },
    "model": "ip.ipequipamento",
    "pk": 4
  },
  {
    "fields": {
      "equipamento": 3,
      "ip": 4
    },
    "model": "ip.ipequipamento",
    "pk": 5
  },
  {
    "fields": {
      "equipamento": 4,
      "ip": 4
    },
    "model": "ip.ipequipamento",
    "pk": 6
  },
  {
    "fields": {
      "equipamento": 3,
      "ip": 5
    },
    "model": "ip.ipequipamento",
    "pk": 7
  },
  {
    "fields": {
      "equipamento": 4,
      "ip": 6
    },
    "model": "ip.ipequipamento",
    "pk": 8
  },
  {
    "fields": {
      "equipamento": 7,
      "ip": 7
    },
    "model": "ip.ipequipamento",
    "pk": 9
  },
  {
    "fields": {
      "equipamento": 8,
      "ip": 8
    },
    "model": "ip.ipequipamento",
    "pk": 10
  },
  {
    "fields": {
      "equipamento": 9,
      "ip": 9
    },
    "model": "ip.ipequipamento",
    "pk": 11
  },
  {
    "fields": {
      "equipamento": 10,
      "ip": 10
    },
    "model": "ip.ipequipamento",
    "pk": 12
  },
  {
    "fields": {
      "equipamento": 5,
      "ip": 11
    },
    "model": "ip.ipequipamento",
    "pk": 13
  },
  {
    "fields": {
      "equipamento": 6,
      "ip": 11
    },
    "model": "ip.ipequipamento",
    "pk": 14
  }
]
